{"cameraMode":{"drawMode":0,"name":"Shaded","section":"Shading Mode"},"sceneLighting":true,"audioPlay":false,"sceneViewState":{"showFog":true,"showMaterialUpdate":false,"showSkybox":true,"showFlares":true,"showImageEffects":true,"showParticleSystems":true},"in2DMode":false,"pivot":{"x":-4.4489426612854,"y":5.1648993492126469,"z":3.3330345153808595},"rotation":{"x":-0.108008474111557,"y":0.04084635525941849,"z":-0.004446107894182205,"w":-0.9933195114135742},"size":24.391361236572267,"orthographic":false}