{"cameraMode":{"drawMode":0,"name":"Shaded","section":"Shading Mode"},"sceneLighting":false,"audioPlay":false,"sceneViewState":{"showFog":true,"showMaterialUpdate":false,"showSkybox":false,"showFlares":true,"showImageEffects":true,"showParticleSystems":true},"in2DMode":false,"pivot":{"x":3.844977378845215,"y":59.79306411743164,"z":58.28427505493164},"rotation":{"x":-0.12095808982849121,"y":-0.09455326944589615,"z":0.011573695577681065,"w":-0.9880924820899963},"size":2.4804117679595949,"orthographic":false}